kode_bps,nama_bps,kode_pos,nama_pos
1107,ACEH BARAT,23600,ACEH BARAT
1107,ACEH BARAT,23600,ACEH JAYA
1112,ACEH BARAT DAYA,23700,ACEH BARAT DAYA
1112,ACEH BARAT DAYA,23700,ACEH SELATAN
1108,ACEH BESAR,23300,ACEH BESAR
1108,ACEH BESAR,23900,ACEH BESAR
1116,ACEH JAYA,23600,ACEH BARAT
1116,ACEH JAYA,23600,ACEH JAYA
1103,ACEH SELATAN,23700,ACEH BARAT DAYA
1103,ACEH SELATAN,23700,ACEH SELATAN
1102,ACEH SINGKIL,24700,ACEH SINGKIL
1114,ACEH TAMIANG,24400,ACEH TAMIANG
1106,ACEH TENGAH,24500,ACEH TENGAH
1106,ACEH TENGAH,24500,BENER MERIAH
1104,ACEH TENGGARA,24600,ACEH TENGGARA
1104,ACEH TENGGARA,24600,GAYO LUES
1105,ACEH TIMUR,24400,ACEH TIMUR
1105,ACEH TIMUR,24400,KOTA LANGSA
1111,ACEH UTARA,24300,ACEH UTARA
1111,ACEH UTARA,24300,KOTA LHOKSEUMAWE
5307,ALOR,85800,ALOR
8171,AMBON,97100,KOTA AMBON
8171,AMBON,97200,KOTA AMBON
1208,ASAHAN,21200,ASAHAN
1208,ASAHAN,21300,ASAHAN
1208,ASAHAN,21300,KOTA TANJUNG BALAI
9415,ASMAT,99700,ASMAT
2171,B A T A M,29400,KOTA BATAM
5103,BADUNG,80300,BADUNG
6311,BALANGAN,71600,BALANGAN
6471,BALIKPAPAN,76100,KOTA BALIKPAPAN
1171,BANDA ACEH,23100,KOTA BANDA ACEH
1171,BANDA ACEH,23200,KOTA BANDA ACEH
1871,BANDAR LAMPUNG,35100,KOTA BANDAR LAMPUNG
1871,BANDAR LAMPUNG,35200,KOTA BANDAR LAMPUNG
3204,BANDUNG,40300,BANDUNG
3273,BANDUNG,40100,KOTA BANDUNG
3273,BANDUNG,40200,KOTA BANDUNG
3217,BANDUNG BARAT,40700,BANDUNG BARAT
7202,BANGGAI,94700,BANGGAI
7201,BANGGAI KEPULAUAN,94800,BANGGAI KEPULAUAN
7211,BANGGAI LAUT,94800,BANGGAI LAUT
1901,BANGKA,33200,BANGKA
1903,BANGKA BARAT,33300,BANGKA BARAT
1905,BANGKA SELATAN,33700,BANGKA SELATAN
1904,BANGKA TENGAH,33600,BANGKA TENGAH
3526,BANGKALAN,69100,BANGKALAN
5106,BANGLI,80600,BANGLI
3279,BANJAR,46300,KOTA BANJAR
6303,BANJAR,70600,BANJAR
6372,BANJAR BARU,70700,KOTA BANJARBARU
6371,BANJARMASIN,70100,KOTA BANJARMASIN
6371,BANJARMASIN,70200,KOTA BANJARMASIN
3304,BANJARNEGARA,53400,BANJARNEGARA
7303,BANTAENG,92400,BANTAENG
3402,BANTUL,55700,BANTUL
1607,BANYU ASIN,30900,BANYUASIN
3302,BANYUMAS,53100,BANYUMAS
3510,BANYUWANGI,68400,BANYUWANGI
6304,BARITO KUALA,70500,BARITO KUALA
6204,BARITO SELATAN,73700,BARITO SELATAN
6212,BARITO TIMUR,73600,BARITO TIMUR
6205,BARITO UTARA,73800,BARITO UTARA
7310,BARRU,90700,BARRU
3325,BATANG,51200,BATANG
1504,BATANG HARI,36600,BATANGHARI
3579,BATU,65300,KOTA BATU
1219,BATU BARA,21600,BATU BARA
7472,BAUBAU,93700,KOTA BAU BAU
3216,BEKASI,17200,BEKASI
3216,BEKASI,17300,BEKASI
3216,BEKASI,17400,BEKASI
3216,BEKASI,17500,BEKASI
3216,BEKASI,17600,BEKASI
3216,BEKASI,17700,BEKASI
3216,BEKASI,17800,BEKASI
3275,BEKASI,17100,KOTA BEKASI
3275,BEKASI,17400,KOTA BEKASI
1902,BELITUNG,33400,BELITUNG
1906,BELITUNG TIMUR,33500,BELITUNG TIMUR
5306,BELU,85700,BELU
1117,BENER MERIAH,24500,ACEH TENGAH
1117,BENER MERIAH,24500,BENER MERIAH
6102,BENGKAYANG,79200,BENGKAYANG
1771,BENGKULU,38100,KOTA BENGKULU
1771,BENGKULU,38200,KOTA BENGKULU
1701,BENGKULU SELATAN,38500,BENGKULU SELATAN
1709,BENGKULU TENGAH,38300,BENGKULU TENGAH
1703,BENGKULU UTARA,38600,BENGKULU UTARA
6405,BERAU,77300,BERAU
9409,BIAK NUMFOR,98100,BIAK NUMFOR
5206,BIMA,84100,BIMA
5272,BIMA,84100,KOTA BIMA
1276,BINJAI,20700,KOTA BINJAI
2102,BINTAN,29100,BINTAN
1110,BIREUEN,24200,BIREUEN
7172,BITUNG,95500,KOTA BITUNG
3505,BLITAR,66100,BLITAR
3572,BLITAR,66100,KOTA BLITAR
3316,BLORA,58200,BLORA
7501,BOALEMO,96300,BOALEMO
3201,BOGOR,16200,BOGOR
3201,BOGOR,16300,BOGOR
3201,BOGOR,16600,BOGOR
3201,BOGOR,16700,BOGOR
3201,BOGOR,16800,BOGOR
3201,BOGOR,16900,BOGOR
3271,BOGOR,16100,KOTA BOGOR
3522,BOJONEGORO,62100,BOJONEGORO
7101,BOLAANG MONGONDOW,95700,BOLAANG MONGONDOW
7101,BOLAANG MONGONDOW,95700,BOLAANG MONGONDOW SELATAN
7110,BOLAANG MONGONDOW SELATAN,95700,BOLAANG MONGONDOW SELATAN
7111,BOLAANG MONGONDOW TIMUR,95700,BOLAANG MONGONDOW SELATAN
7111,BOLAANG MONGONDOW TIMUR,95700,BOLAANG MONGONDOW TIMUR
7107,BOLAANG MONGONDOW UTARA,95700,BOLAANG MONGONDOW UTARA
7406,BOMBANA,93700,BOMBANA
7406,BOMBANA,93700,BUTON UTARA
3511,BONDOWOSO,68200,BONDOWOSO
7311,BONE,92700,BONE
7504,BONE BOLANGO,96500,BONE BOLANGO
6474,BONTANG,75300,KOTA BONTANG
9413,BOVEN DIGOEL,99600,BOVEN DIGOEL
3309,BOYOLALI,57300,BOYOLALI
3329,BREBES,52200,BREBES
1375,BUKITTINGGI,26100,KOTA BUKITTINGGI
5108,BULELENG,81100,BULELENG
7302,BULUKUMBA,92500,BULUKUMBA
6502,BULUNGAN,77200,BULUNGAN
1509,BUNGO,37200,BUNGO
7207,BUOL,94500,BUOL
8104,BURU,97300,BURU
8109,BURU SELATAN,97300,BURU SELATAN
7401,BUTON,93700,BUTON
7401,BUTON,93700,KOTA BAU BAU
7415,BUTON SELATAN,93700,BUTON SELATAN
7414,BUTON TENGAH,93700,BUTON TENGAH
7409,BUTON UTARA,93700,BUTON
7409,BUTON UTARA,93700,BUTON UTARA
7409,BUTON UTARA,93700,KOTA BAU BAU
3207,CIAMIS,46200,CIAMIS
3203,CIANJUR,43200,CIANJUR
3301,CILACAP,53200,CILACAP
3672,CILEGON,42400,KOTA CILEGON
3277,CIMAHI,40500,KOTA CIMAHI
3209,CIREBON,45600,CIREBON
3274,CIREBON,45100,KOTA CIREBON
1473,D U M A I,28800,KOTA DUMAI
1210,DAIRI,22200,DAIRI
1210,DAIRI,22200,PAKPAK BHARAT
9436,DEIYAI,98700,DEIYAI
1212,DELI SERDANG,20300,DELI SERDANG
1212,DELI SERDANG,20500,DELI SERDANG
3321,DEMAK,59500,DEMAK
5171,DENPASAR,80100,KOTA DENPASAR
5171,DENPASAR,80200,KOTA DENPASAR
3276,DEPOK,16400,KOTA DEPOK
3276,DEPOK,16500,KOTA DEPOK
9434,DOGIYAI,98800,DOGIYAI
5205,DOMPU,84200,DOMPU
7205,DONGGALA,94300,DONGGALA
1611,EMPAT LAWANG,31800,EMPAT LAWANG
5311,ENDE,86300,ENDE
7316,ENREKANG,91700,ENREKANG
9101,FAKFAK,98600,FAK FAK
9101,FAKFAK,98600,KAIMANA
5309,FLORES TIMUR,86200,FLORES TIMUR
3205,GARUT,44100,GARUT
1113,GAYO LUES,24600,GAYO LUES
5104,GIANYAR,80500,GIANYAR
7502,GORONTALO,96200,GORONTALO
7571,GORONTALO,96100,KOTA GORONTALO
7505,GORONTALO UTARA,96600,GORONTALO UTARA
7306,GOWA,92100,GOWA
3525,GRESIK,61100,GRESIK
3315,GROBOGAN,58100,GROBOGAN
3403,GUNUNG KIDUL,55800,GUNUNG KIDUL
6211,GUNUNG MAS,74500,GUNUNG MAS
1278,GUNUNGSITOLI,22800,KOTA GUNUNGSITOLI
8201,HALMAHERA BARAT,97700,HALMAHERA BARAT
8204,HALMAHERA SELATAN,97900,HALMAHERA SELATAN
8202,HALMAHERA TENGAH,97800,HALMAHERA TENGAH
8206,HALMAHERA TIMUR,97800,HALMAHERA TIMUR
8205,HALMAHERA UTARA,97700,HALMAHERA UTARA
6306,HULU SUNGAI SELATAN,71200,HULU SUNGAI SELATAN
6307,HULU SUNGAI TENGAH,71300,HULU SUNGAI TENGAH
6308,HULU SUNGAI UTARA,71400,HULU SUNGAI UTARA
1215,HUMBANG HASUNDUTAN,22400,HUMBANG HASUNDUTAN
1215,HUMBANG HASUNDUTAN,22400,TAPANULI UTARA
1403,INDRAGIRI HILIR,29200,INDRAGIRI HILIR
1402,INDRAGIRI HULU,29300,INDRAGIRI HULU
3212,INDRAMAYU,45200,INDRAMAYU
9435,INTAN JAYA,98700,INTAN JAYA
3174,JAKARTA BARAT,11100,KOTA ADM. JAKARTA BARAT
3174,JAKARTA BARAT,11200,KOTA ADM. JAKARTA BARAT
3174,JAKARTA BARAT,11300,KOTA ADM. JAKARTA BARAT
3174,JAKARTA BARAT,11400,KOTA ADM. JAKARTA BARAT
3174,JAKARTA BARAT,11500,KOTA ADM. JAKARTA BARAT
3174,JAKARTA BARAT,11600,KOTA ADM. JAKARTA BARAT
3174,JAKARTA BARAT,11700,KOTA ADM. JAKARTA BARAT
3174,JAKARTA BARAT,11800,KOTA ADM. JAKARTA BARAT
3173,JAKARTA PUSAT,10100,KOTA ADM. JAKARTA PUSAT
3173,JAKARTA PUSAT,10200,KOTA ADM. JAKARTA PUSAT
3173,JAKARTA PUSAT,10300,KOTA ADM. JAKARTA PUSAT
3173,JAKARTA PUSAT,10400,KOTA ADM. JAKARTA PUSAT
3173,JAKARTA PUSAT,10500,KOTA ADM. JAKARTA PUSAT
3173,JAKARTA PUSAT,10600,KOTA ADM. JAKARTA PUSAT
3173,JAKARTA PUSAT,10700,KOTA ADM. JAKARTA PUSAT
3171,JAKARTA SELATAN,12100,KOTA ADM. JAKARTA SELATAN
3171,JAKARTA SELATAN,12200,KOTA ADM. JAKARTA SELATAN
3171,JAKARTA SELATAN,12300,KOTA ADM. JAKARTA SELATAN
3171,JAKARTA SELATAN,12400,KOTA ADM. JAKARTA SELATAN
3171,JAKARTA SELATAN,12500,KOTA ADM. JAKARTA SELATAN
3171,JAKARTA SELATAN,12600,KOTA ADM. JAKARTA SELATAN
3171,JAKARTA SELATAN,12700,KOTA ADM. JAKARTA SELATAN
3171,JAKARTA SELATAN,12800,KOTA ADM. JAKARTA SELATAN
3171,JAKARTA SELATAN,12900,KOTA ADM. JAKARTA SELATAN
3172,JAKARTA TIMUR,13100,KOTA ADM. JAKARTA TIMUR
3172,JAKARTA TIMUR,13200,KOTA ADM. JAKARTA TIMUR
3172,JAKARTA TIMUR,13300,KOTA ADM. JAKARTA TIMUR
3172,JAKARTA TIMUR,13400,KOTA ADM. JAKARTA TIMUR
3172,JAKARTA TIMUR,13500,KOTA ADM. JAKARTA TIMUR
3172,JAKARTA TIMUR,13600,KOTA ADM. JAKARTA TIMUR
3172,JAKARTA TIMUR,13700,KOTA ADM. JAKARTA TIMUR
3172,JAKARTA TIMUR,13800,KOTA ADM. JAKARTA TIMUR
3172,JAKARTA TIMUR,13900,KOTA ADM. JAKARTA TIMUR
3175,JAKARTA UTARA,14100,KOTA ADM. JAKARTA UTARA
3175,JAKARTA UTARA,14200,KOTA ADM. JAKARTA UTARA
3175,JAKARTA UTARA,14300,KOTA ADM. JAKARTA UTARA
3175,JAKARTA UTARA,14400,KOTA ADM. JAKARTA UTARA
1571,JAMBI,36100,KOTA JAMBI
1571,JAMBI,36200,KOTA JAMBI
9403,JAYAPURA,99300,JAYAPURA
9471,JAYAPURA,99100,KOTA JAYAPURA
9402,JAYAWIJAYA,99500,JAYAWIJAYA
9402,JAYAWIJAYA,99500,PEGUNUNGAN BINTANG
3509,JEMBER,68100,JEMBER
5101,JEMBRANA,82200,JEMBRANA
7304,JENEPONTO,92300,JENEPONTO
3320,JEPARA,59400,JEPARA
3517,JOMBANG,61400,JOMBANG
9102,KAIMANA,98600,KAIMANA
1406,KAMPAR,28400,KAMPAR
6203,KAPUAS,73500,KAPUAS
6108,KAPUAS HULU,78700,KAPUAS HULU
5107,KARANG ASEM,80800,KARANGASEM
3313,KARANGANYAR,57700,KARANGANYAR
3215,KARAWANG,41300,KARAWANG
2101,KARIMUN,29600,KARIMUN
1211,KARO,22100,KARO
6209,KATINGAN,74400,KATINGAN
1704,KAUR,38900,KAUR
6111,KAYONG UTARA,78800,KAYONG UTARA
3305,KEBUMEN,54300,KEBUMEN
3506,KEDIRI,64100,KEDIRI
3571,KEDIRI,64100,KOTA KEDIRI
9420,KEEROM,99400,KEEROM
9420,KEEROM,99400,TOLIKARA
3324,KENDAL,51300,KENDAL
7471,KENDARI,93100,KOTA KENDARI
7471,KENDARI,93200,KOTA KENDARI
1708,KEPAHIANG,39100,KEPAHIANG
1708,KEPAHIANG,39300,KEPAHIANG
2105,KEPULAUAN ANAMBAS,29900,KEPULAUAN ANAMBAS
8105,KEPULAUAN ARU,97600,KEPULAUAN ARU
1301,KEPULAUAN MENTAWAI,25700,KEPULAUAN MENTAWAI
7103,KEPULAUAN SANGIHE,95800,KEPULAUAN SANGIHE
7301,KEPULAUAN SELAYAR,92800,KEPULAUAN SELAYAR
3101,KEPULAUAN SERIBU,14500,ADM. KEP. SERIBU
8203,KEPULAUAN SULA,97900,KEPULAUAN SULA
7104,KEPULAUAN TALAUD,95800,KEPULAUAN TALAUD
9408,KEPULAUAN YAPEN,98200,KEPULAUAN YAPEN
1501,KERINCI,37100,KERINCI
6106,KETAPANG,78800,KETAPANG
3310,KLATEN,57400,KLATEN
5105,KLUNGKUNG,80700,KLUNGKUNG
7404,KOLAKA,93500,KOLAKA
7411,KOLAKA TIMUR,93500,KOLAKA TIMUR
7408,KOLAKA UTARA,93900,KOLAKA UTARA
7403,KONAWE,93400,KONAWE
7412,KONAWE KEPULAUAN,93400,KONAWE KEPULAUAN
7405,KONAWE SELATAN,93800,KONAWE SELATAN
7410,KONAWE UTARA,93300,KONAWE UTARA
6302,KOTA BARU,72100,KOTABARU
7174,KOTAMOBAGU,95700,KOTA KOTAMOBAGU
6201,KOTAWARINGIN BARAT,74100,KOTAWARINGIN BARAT
6202,KOTAWARINGIN TIMUR,74300,KOTAWARINGIN TIMUR
1401,KUANTAN SINGINGI,29500,KUANTAN SINGINGI
6112,KUBU RAYA,78300,KUBU RAYA
3319,KUDUS,59300,KUDUS
3401,KULON PROGO,55600,KULON PROGO
3208,KUNINGAN,45500,KUNINGAN
5303,KUPANG,85300,KUPANG
5371,KUPANG,85100,KOTA KUPANG
5371,KUPANG,85200,KOTA KUPANG
6402,KUTAI BARAT,75700,KUTAI BARAT
6403,KUTAI KARTANEGARA,75500,KUTAI KARTANEGARA
6404,KUTAI TIMUR,75600,KUTAI TIMUR
1207,LABUHAN BATU,21400,LABUHANBATU
1222,LABUHAN BATU SELATAN,21500,LABUHANBATU SELATAN
1223,LABUHAN BATU UTARA,21700,LABUHANBATU UTARA
1604,LAHAT,31400,LAHAT
6207,LAMANDAU,74600,LAMANDAU
3524,LAMONGAN,62200,LAMONGAN
1801,LAMPUNG BARAT,34800,LAMPUNG BARAT
1803,LAMPUNG SELATAN,35500,LAMPUNG SELATAN
1805,LAMPUNG TENGAH,34200,LAMPUNG TENGAH
1804,LAMPUNG TIMUR,34300,LAMPUNG TIMUR
1806,LAMPUNG UTARA,34500,LAMPUNG UTARA
6103,LANDAK,78300,LANDAK
1213,LANGKAT,20700,LANGKAT
1213,LANGKAT,20800,LANGKAT
1173,LANGSA,24400,ACEH TIMUR
1173,LANGSA,24400,KOTA LANGSA
9430,LANNY JAYA,99500,JAYAWIJAYA
9430,LANNY JAYA,99500,LANNY JAYA
9430,LANNY JAYA,99500,PEGUNUNGAN BINTANG
3602,LEBAK,42300,LEBAK
1707,LEBONG,39200,LEBONG
5308,LEMBATA,86600,LEMBATA
1174,LHOKSEUMAWE,24300,ACEH UTARA
1174,LHOKSEUMAWE,24300,KOTA LHOKSEUMAWE
2104,LINGGA,29800,LINGGA
5201,LOMBOK BARAT,83300,LOMBOK BARAT
5202,LOMBOK TENGAH,83500,LOMBOK TENGAH
5203,LOMBOK TIMUR,83600,LOMBOK TIMUR
5208,LOMBOK UTARA,83700,LOMBOK UTARA
1674,LUBUKLINGGAU,31600,KOTA LUBUK LINGGAU
3508,LUMAJANG,67300,LUMAJANG
7317,LUWU,91900,LUWU
7325,LUWU TIMUR,92900,LUWU TIMUR
7322,LUWU UTARA,92900,LUWU UTARA
3519,MADIUN,63100,MADIUN
3577,MADIUN,63100,KOTA MADIUN
3308,MAGELANG,56500,MAGELANG
3371,MAGELANG,56100,KOTA MAGELANG
3520,MAGETAN,63300,MAGETAN
6411,MAHAKAM HULU,75800,MAHAKAM ULU
3210,MAJALENGKA,45400,MAJALENGKA
7601,MAJENE,91400,MAJENE
7371,MAKASSAR,90100,KOTA MAKASSAR
7371,MAKASSAR,90200,KOTA MAKASSAR
5321,MALAKA,85700,MALAKA
3507,MALANG,65100,MALANG
3573,MALANG,65100,KOTA MALANG
6501,MALINAU,77500,MALINAU
8108,MALUKU BARAT DAYA,97400,MALUKU BARAT DAYA
8103,MALUKU TENGAH,97500,MALUKU TENGAH
8102,MALUKU TENGGARA,97600,KOTA TUAL
8102,MALUKU TENGGARA,97600,MALUKU TENGGARA
8101,MALUKU TENGGARA BARAT,97400,MALUKU TENGGARA BARAT
7603,MAMASA,91300,MAMASA
9428,MAMBERAMO RAYA,99300,MAMBERAMO RAYA
9431,MAMBERAMO TENGAH,99500,MAMBERAMO TENGAH
9431,MAMBERAMO TENGAH,99500,PEGUNUNGAN BINTANG
7604,MAMUJU,91500,MAMUJU
7606,MAMUJU TENGAH,91500,MAMUJU TENGAH
7605,MAMUJU UTARA,91500,MAMUJU UTARA
7171,MANADO,95100,KOTA MANADO
7171,MANADO,95200,KOTA MANADO
1202,MANDAILING NATAL,22900,MANDAILING NATAL
5313,MANGGARAI,86500,MANGGARAI
5315,MANGGARAI BARAT,86700,MANGGARAI BARAT
5319,MANGGARAI TIMUR,86800,MANGGARAI TIMUR
9105,MANOKWARI,98300,MANOKWARI
9105,MANOKWARI,98300,MANOKWARI SELATAN
9105,MANOKWARI,98300,TAMBRAUW
9111,MANOKWARI SELATAN,98300,MANOKWARI SELATAN
9414,MAPPI,99800,MAPPI
7308,MAROS,90500,MAROS
5271,MATARAM,83100,KOTA MATARAM
5271,MATARAM,83200,KOTA MATARAM
9110,MAYBRAT,98000,MAYBRAT
1275,MEDAN,20100,KOTA MEDAN
1275,MEDAN,20200,KOTA MEDAN
1275,MEDAN,20400,KOTA MEDAN
6110,MELAWI,78600,MELAWI
6104,MEMPAWAH,78900,MEMPAWAH
1502,MERANGIN,37300,MERANGIN
9401,MERAUKE,99600,MERAUKE
1811,MESUJI,34900,MESUJI
1872,METRO,34100,KOTA METRO
9412,MIMIKA,99900,MIMIKA
7102,MINAHASA,95600,MINAHASA
7105,MINAHASA SELATAN,95900,MINAHASA SELATAN
7109,MINAHASA TENGGARA,95900,MINAHASA TENGGARA
7106,MINAHASA UTARA,95300,MINAHASA UTARA
3516,MOJOKERTO,61300,MOJOKERTO
3576,MOJOKERTO,61300,KOTA MOJOKERTO
7203,MOROWALI,94900,MOROWALI
7212,MOROWALI UTARA,94900,MOROWALI UTARA
1603,MUARA ENIM,31300,MUARA ENIM
1603,MUARA ENIM,31800,MUARA ENIM
1603,MUARA ENIM,32300,MUARA ENIM
1505,MUARO JAMBI,36300,MUARO JAMBI
1706,MUKOMUKO,38700,MUKO MUKO
7402,MUNA,93600,MUNA
6213,MURUNG RAYA,73900,MURUNG RAYA
1606,MUSI BANYUASIN,30700,MUSI BANYUASIN
1605,MUSI RAWAS,31600,MUSI RAWAS
9404,NABIRE,98800,NABIRE
1115,NAGAN RAYA,23600,NAGAN RAYA
5318,NAGEKEO,86900,NAGEKEO
2103,NATUNA,29700,NATUNA
9429,NDUGA,99500,JAYAWIJAYA
9429,NDUGA,99500,NDUGA
9429,NDUGA,99500,PEGUNUNGAN BINTANG
5312,NGADA,86400,NGADA
3518,NGANJUK,64400,NGANJUK
3521,NGAWI,63200,NGAWI
1201,NIAS,22800,NIAS
1201,NIAS,22800,NIAS SELATAN
1201,NIAS,22800,NIAS UTARA
1225,NIAS BARAT,22800,NIAS
1225,NIAS BARAT,22800,NIAS BARAT
1225,NIAS BARAT,22800,NIAS UTARA
1214,NIAS SELATAN,22800,NIAS
1214,NIAS SELATAN,22800,NIAS BARAT
1214,NIAS SELATAN,22800,NIAS SELATAN
1224,NIAS UTARA,22800,NIAS BARAT
1224,NIAS UTARA,22800,NIAS UTARA
6504,NUNUKAN,77400,NUNUKAN
1610,OGAN ILIR,30800,OGAN ILIR
1602,OGAN KOMERING ILIR,30600,OGAN KOMERING ILIR
1601,OGAN KOMERING ULU,32100,OGAN KOMERING ULU
1608,OGAN KOMERING ULU SELATAN,32200,OGAN KOMERING ULU SELATAN
1609,OGAN KOMERING ULU TIMUR,32300,OGAN KOMERING ULU TIMUR
3501,PACITAN,63500,PACITAN
1371,PADANG,25100,KOTA PADANG
1371,PADANG,25200,KOTA PADANG
1221,PADANG LAWAS,22700,PADANG LAWAS
1221,PADANG LAWAS,22700,PADANG LAWAS UTARA
1220,PADANG LAWAS UTARA,22700,PADANG LAWAS
1220,PADANG LAWAS UTARA,22700,PADANG LAWAS UTARA
1220,PADANG LAWAS UTARA,22700,TAPANULI SELATAN
1277,PADANGSIDIMPUAN,22700,KOTA PADANGSIDIMPUAN
1673,PAGAR ALAM,31500,KOTA PAGAR ALAM
1216,PAKPAK BHARAT,22200,PAKPAK BHARAT
6271,PALANGKA RAYA,73100,KOTA PALANGKARAYA
6271,PALANGKA RAYA,73200,KOTA PALANGKARAYA
1671,PALEMBANG,30100,KOTA PALEMBANG
1671,PALEMBANG,30200,KOTA PALEMBANG
7373,PALOPO,91900,KOTA PALOPO
7271,PALU,94100,KOTA PALU
7271,PALU,94200,KOTA PALU
3528,PAMEKASAN,69300,PAMEKASAN
3601,PANDEGLANG,42200,PANDEGLANG
3218,PANGANDARAN,46500,PANGANDARAN
7309,PANGKAJENE DAN KEPULAUAN,90600,PANGKAJENE KEPULAUAN
1971,PANGKAL PINANG,33100,KOTA PANGKAL PINANG
9410,PANIAI,98700,PANIAI
7372,PAREPARE,91100,KOTA PARE PARE
1377,PARIAMAN,25500,KOTA PARIAMAN
7208,PARIGI MOUTONG,94400,PARIGI MOUTONG
6401,PASER,76200,PASER
3514,PASURUAN,67100,PASURUAN
3575,PASURUAN,67100,KOTA PASURUAN
3318,PATI,59100,PATI
1376,PAYAKUMBUH,26200,KOTA PAYAKUMBUH
9112,PEGUNUNGAN ARFAK,98300,MANOKWARI
9112,PEGUNUNGAN ARFAK,98300,MANOKWARI SELATAN
9112,PEGUNUNGAN ARFAK,98300,PEGUNUNGAN ARFAK
9417,PEGUNUNGAN BINTANG,99500,PEGUNUNGAN BINTANG
3326,PEKALONGAN,51100,PEKALONGAN
3375,PEKALONGAN,51100,KOTA PEKALONGAN
1471,PEKANBARU,28100,KOTA PEKANBARU
1471,PEKANBARU,28200,KOTA PEKANBARU
1404,PELALAWAN,28300,PELALAWAN
3327,PEMALANG,52300,PEMALANG
1273,PEMATANG SIANTAR,21100,KOTA PEMATANG SIANTAR
6409,PENAJAM PASER UTARA,76300,PENAJAM PASER UTARA
1612,PENUKAL ABAB LEMATANG ILIR,31200,Penukal Abab Lematang Ilir
1612,PENUKAL ABAB LEMATANG ILIR,31200,PENUKAL ABAB LEMATANG ILIR
1809,PESAWARAN,35300,PESAWARAN
1813,PESISIR BARAT,35900,PESISIR BARAT
1109,PIDIE,24100,PIDIE
1109,PIDIE,24100,PIDIE JAYA
1118,PIDIE JAYA,24100,PIDIE
1118,PIDIE JAYA,24100,PIDIE JAYA
7315,PINRANG,91200,PINRANG
7503,POHUWATO,96400,PAHUWATO
7602,POLEWALI MANDAR,91300,POLEWALI MANDAR
3502,PONOROGO,63400,PONOROGO
6171,PONTIANAK,78100,KOTA PONTIANAK
6171,PONTIANAK,78200,KOTA PONTIANAK
7204,POSO,94600,POSO
1672,PRABUMULIH,31100,KOTA PRABUMULIH
1810,PRINGSEWU,35700,PRINGSEWU
3513,PROBOLINGGO,67200,PROBOLINGGO
3574,PROBOLINGGO,67200,KOTA PROBOLINGGO
6210,PULANG PISAU,74800,PULANG PISAU
8207,PULAU MOROTAI,97700,PULAU MOROTAI
9433,PUNCAK,98900,PUNCAK
9411,PUNCAK JAYA,98900,PUNCAK JAYA
3303,PURBALINGGA,53300,PURBALINGGA
3214,PURWAKARTA,41100,PURWAKARTA
3306,PURWOREJO,54100,PURWOREJO
9108,RAJA AMPAT,98400,RAJA AMPAT
1702,REJANG LEBONG,39100,REJANG LEBONG
3317,REMBANG,59200,REMBANG
1409,ROKAN HILIR,28900,ROKAN HILIR
1407,ROKAN HULU,28500,ROKAN HULU
5314,ROTE NDAO,85900,ROTE NDAO
1405,S I A K,28600,SIAK
1172,SABANG,23500,KOTA SABANG
5320,SABU RAIJUA,85300,SABU RAIJUA
3373,SALATIGA,50700,KOTA SALATIGA
6472,SAMARINDA,75100,KOTA SAMARINDA
6472,SAMARINDA,75200,KOTA SAMARINDA
6101,SAMBAS,79400,SAMBAS
1217,SAMOSIR,22300,SAMOSIR
3527,SAMPANG,69200,SAMPANG
6105,SANGGAU,78500,SANGGAU
9419,SARMI,99300,JAYAPURA
9419,SARMI,99300,MAMBERAMO RAYA
9419,SARMI,99300,SARMI
1503,SAROLANGUN,37400,SAROLANGUN
1373,SAWAH LUNTO,27400,KOTA SAWAHLUNTO
6109,SEKADAU,79500,SEKADAU
1705,SELUMA,38800,SELUMA
3322,SEMARANG,50500,SEMARANG
3374,SEMARANG,50100,KOTA SEMARANG
3374,SEMARANG,50200,KOTA SEMARANG
8106,SERAM BAGIAN BARAT,97500,MALUKU TENGAH
8106,SERAM BAGIAN BARAT,97500,SERAM BAGIAN BARAT
8107,SERAM BAGIAN TIMUR,97500,MALUKU TENGAH
8107,SERAM BAGIAN TIMUR,97500,SERAM BAGIAN TIMUR
3604,SERANG,42100,SERANG
3673,SERANG,42100,KOTA SERANG
1218,SERDANG BEDAGAI,20600,SERDANG BEDAGAI
1218,SERDANG BEDAGAI,20900,SERDANG BEDAGAI
6208,SERUYAN,74200,SERUYAN
7108,SIAU TAGULANDANG BIARO,95800,KEP. SIAU TAGULANDANG BIARO
1271,SIBOLGA,22500,KOTA SIBOLGA
7314,SIDENRENG RAPPANG,91600,SIDENRENG RAPPANG
3515,SIDOARJO,61200,SIDOARJO
7210,SIGI,94300,SIGI
5310,SIKKA,86100,SIKKA
1209,SIMALUNGUN,21100,SIMALUNGUN
1101,SIMEULUE,23800,SIMEULUE
6172,SINGKAWANG,79100,KOTA SINGKAWANG
7307,SINJAI,92600,SINJAI
6107,SINTANG,78600,SINTANG
3512,SITUBONDO,68300,SITUBONDO
3404,SLEMAN,55500,SLEMAN
1372,SOLOK,27300,KOTA SOLOK
7312,SOPPENG,90800,SOPPENG
9107,SORONG,98400,SORONG
9107,SORONG,98400,TAMBRAUW
9171,SORONG,98400,KOTA SORONG
9171,SORONG,98400,SORONG
9106,SORONG SELATAN,98400,SORONG
9106,SORONG SELATAN,98400,SORONG SELATAN
3314,SRAGEN,57200,SRAGEN
3213,SUBANG,41200,SUBANG
1175,SUBULUSSALAM,24800,KOTA SUBULUSSALAM
3202,SUKABUMI,43300,SUKABUMI
3272,SUKABUMI,43100,KOTA SUKABUMI
6206,SUKAMARA,74400,SUKAMARA
6206,SUKAMARA,74700,SUKAMARA
3311,SUKOHARJO,57500,SUKOHARJO
5301,SUMBA BARAT,87200,SUMBA BARAT
5317,SUMBA BARAT DAYA,87400,SUMBA BARAT DAYA
5316,SUMBA TENGAH,87300,SUMBA TENGAH
5302,SUMBA TIMUR,87100,SUMBA TIMUR
5204,SUMBAWA,84300,SUMBAWA
5207,SUMBAWA BARAT,84400,SUMBAWA BARAT
3211,SUMEDANG,45300,SUMEDANG
3529,SUMENEP,69400,SUMENEP
1572,SUNGAI PENUH,37100,KERINCI
1572,SUNGAI PENUH,37100,KOTA SUNGAI PENUH
9427,SUPIORI,98100,SUPIORI
3578,SURABAYA,60100,KOTA SURABAYA
3578,SURABAYA,60200,KOTA SURABAYA
3372,SURAKARTA,57100,KOTA SURAKARTA
6309,TABALONG,71500,TABALONG
5102,TABANAN,82100,TABANAN
7305,TAKALAR,92200,TAKALAR
9109,TAMBRAUW,98300,MANOKWARI
9109,TAMBRAUW,98300,TAMBRAUW
9109,TAMBRAUW,98400,TAMBRAUW
6503,TANA TIDUNG,77600,TANA TIDUNG
7318,TANA TORAJA,91800,TANA TORAJA
7318,TANA TORAJA,91800,TORAJA UTARA
6310,TANAH BUMBU,72200,TANAH BUMBU
6301,TANAH LAUT,70800,TANAH LAUT
3603,TANGERANG,15200,TANGERANG
3603,TANGERANG,15500,TANGERANG
3603,TANGERANG,15600,TANGERANG
3603,TANGERANG,15700,TANGERANG
3603,TANGERANG,15800,TANGERANG
3603,TANGERANG,15900,TANGERANG
3671,TANGERANG,15100,KOTA TANGERANG
3674,TANGERANG SELATAN,15300,KOTA TANGERANG SELATAN
3674,TANGERANG SELATAN,15400,KOTA TANGERANG SELATAN
1802,TANGGAMUS,35600,TANGGAMUS
1272,TANJUNG BALAI,21300,KOTA TANJUNG BALAI
1507,TANJUNG JABUNG BARAT,36500,TANJUNG JABUNG BARAT
1506,TANJUNG JABUNG TIMUR,36700,TANJUNG JABUNG TIMUR
2172,TANJUNG PINANG,29100,KOTA TANJUNG PINANG
1203,TAPANULI SELATAN,22700,TAPANULI SELATAN
1204,TAPANULI TENGAH,22500,TAPANULI TENGAH
1204,TAPANULI TENGAH,22600,TAPANULI TENGAH
1205,TAPANULI UTARA,22400,HUMBANG HASUNDUTAN
1205,TAPANULI UTARA,22400,TAPANULI UTARA
6305,TAPIN,71100,TAPIN
6571,TARAKAN,77100,KOTA TARAKAN
3206,TASIKMALAYA,46400,TASIKMALAYA
3278,TASIKMALAYA,46100,KOTA TASIKMALAYA
1274,TEBING TINGGI,20600,KOTA TEBING TINGGI
1508,TEBO,37500,TEBO
3328,TEGAL,52400,TEGAL
3376,TEGAL,52100,KOTA TEGAL
9104,TELUK BINTUNI,98500,TELUK BINTUNI
9103,TELUK WONDAMA,98500,TELUK WONDAMA
3323,TEMANGGUNG,56200,TEMANGGUNG
8271,TERNATE,97700,KOTA TERNATE
8272,TIDORE KEPULAUAN,97800,KOTA TIDORE KEPULAUAN
5304,TIMOR TENGAH SELATAN,85500,TIMOR TENGAH SELATAN
5305,TIMOR TENGAH UTARA,85600,TIMOR TENGAH UTARA
1206,TOBA SAMOSIR,22300,TOBA SAMOSIR
7209,TOJO UNA-UNA,94600,TOJO UNA UNA
7206,TOLI-TOLI,94500,TOLI TOLI
9418,TOLIKARA,99300,MAMBERAMO RAYA
9418,TOLIKARA,99400,TOLIKARA
7173,TOMOHON,95400,KOTA TOMOHON
7326,TORAJA UTARA,91800,TANA TORAJA
7326,TORAJA UTARA,91800,TORAJA UTARA
3503,TRENGGALEK,66300,TRENGGALEK
8172,TUAL,97600,KOTA TUAL
3523,TUBAN,62300,TUBAN
1812,TULANG BAWANG BARAT,34400,TULANG BAWANG BARAT
1808,TULANGBAWANG,34600,TULANG BAWANG
3504,TULUNGAGUNG,66200,TULUNGAGUNG
7313,WAJO,90900,WAJO
7407,WAKATOBI,93700,WAKATOBI
9426,WAROPEN,98200,WAROPEN
1807,WAY KANAN,34700,WAY KANAN
3312,WONOGIRI,57600,WONOGIRI
3307,WONOSOBO,56300,WONOSOBO
9416,YAHUKIMO,99000,YAHUKIMO
9432,YALIMO,99400,YALIMO
3471,YOGYAKARTA,55100,KOTA YOGYAKARTA
3471,YOGYAKARTA,55200,KOTA YOGYAKARTA
